,Momentum,BookValue,InverseBook,AQR,SPY
0,-0.006315674910406812,-0.05077957467198117,0.02435537595613858,-0.03421460797319477,0.046350545169067905
1,-0.07268649742009467,-0.038279550371843815,0.007778514550468603,-0.011288237189562149,-0.06600020310820759
2,-0.0003560044200278655,-0.035355010987752164,0.0027508934691529937,-0.013909264694331215,0.039844715996609444
